Episode Number,URL,Notes ,Live ID (Live Streaming),Media ID (VOD),Title,Description,Tags,Sponsor,Streaming?,Talent,Moderator,Session Start Time,Session End Time,O&O Plays,O&O Uniques,O&O Completes,O&O Time (hours),O&O AVG Time Per Viewer (sec)
,https://www.essence.com/wp-admin/post.php?post=1057996&action=edit,,BEAUTYCON™: @ESSENCEFEST Edition,,,,,,,,,,,,,,,
1,,,,,FRIDAY,,"#EFOC2026, #BC, #BC0703",,Streaming & VOD,,,,,,,,,
2,,,,,DJ,,"#EFOC2026, #BC, #BC0703",,Streaming & VOD,,,3/7/2026 10:00,3/7/2026 10:15,,,,,
3,https://www.essence.com/wp-admin/post.php?post=1057407&action=edit,,,xal6832,The State of Beauty,"Beauty is a movement. A statement. A form of resistance. This conversation brings together the boldest voices at the intersection of beauty, society, and social change, exploring how the industry has been shaped by politics, and how it's shaping the world right back.","#EFOC2026, #BC, #BC0703",,Streaming & VOD,Hope Gisele Godsy + Erika Hart,,3/7/2026 10:30,3/7/2026 11:00,,,,,
4,https://www.essence.com/wp-admin/post.php?post=1059287&action=edit,,,xal67ny,Amazon: Summer Beauty Breakdown,"Summer beauty is a high-intent shopping category, with customers actively seeking products that perform in heat, humidity, and sun. Blake Newby, a trusted beauty voice, will curate a comprehensive summer beauty breakdown—giving customers a one-stop shopping experience for their seasonal needs.","#EFOC2026, #BC, #BC0703",,Streaming & VOD,[SPONSORED],,3/7/2026 11:15,3/7/2026 11:35,,,,,
5,https://www.essence.com/wp-admin/post.php?post=1059327&action=edit,,,,Between Us Curls ft. Ava Pearl and Eva Marcille,"From childhood hair memories to building communities that celebrate textured hair, Eva Marcille, Ava Pearl Rogers, and Akili King discuss how curls, coils, and natural textures have shaped their confidence, careers, and sense of self. As CurlyCon LA expands to Beautycon LA this year, the conversation reflects on the growth of the textured hair movement, the importance of representation, and why hair remains one of the most powerful expressions of culture and identity.
","#EFOC2026, #BC, #BC0703",,Streaming & VOD,[SPONSORED],,3/7/2026 11:40,3/7/2026 12:00,,,,,
6,https://www.essence.com/wp-admin/post.php?post=1058118&action=edit,,,xal7ota,Beauty University: Finding Your Undertones Make Up Masterclass,"The foundation of every flawless look starts with one thing knowing your undertone. This masterclass will teach you how to find your undertones, how they effect your lip colors, blushes and bronzers and how to adjust your products to better fit your complexion.","#EFOC2026, #BC, #BC0703",,Streaming & VOD,Painted By Ester + On Stage Model,,3/7/2026 12:05,3/7/2026 12:45,,,,,
7,https://www.essence.com/wp-admin/post.php?post=1058134&action=edit,,,,Beauty Feud Interstitials #1," 5 minute on stage audience participation games. Where they can win prizes, gifts and discounts to our partners products. Beauty pop quizzes. 

Beauty quiz hosted by Brooke ","#EFOC2026, #BC, #BC0703",,Streaming & VOD,,,3/7/2026 12:50,3/7/2026 12:55,,,,,
8,https://www.essence.com/wp-admin/post.php?post=1058399&action=edit,,,,Podcast w Latto Naked Beauty,"Twin flames, dynamic duos and besties across domains  dish on how they elevate each other  and take their friendship and bank accounts to new heights.","#EFOC2026, #BC, #BC0703",,Streaming & VOD,Latto,,3/7/2026 13:00,3/7/2026 13:20,,,,,
9,https://www.essence.com/wp-admin/post.php?post=1060842&action=edit,,,,From Reality to Beauty,"They captured our hearts on screen and then they captured the beauty industry. Kandi Burruss sits down for an unfiltered conversation on what it really takes to translate fame, hustle, and vision into beauty empires that last.","#EFOC2026, #BC, #BC0703",,Streaming & VOD,,,3/7/2026 13:25,3/7/2026 13:55,,,,,
10,https://www.essence.com/wp-admin/post.php?post=1058390&action=edit,,,xal7uv6,Beauty University Masterclass ft. Kahh Spence,"Join founder and beauty expert Kah Spence for and intimate masterclass.This would be a guided experience that answers the question: What are you really here to do? Whether you're at a crossroads, starting over, or simply searching for something more.","#EFOC2026, #BC, #BC0703",,Streaming & VOD,,,3/7/2026 14:00,3/7/2026 14:35,,,,,
11,https://www.essence.com/wp-admin/post.php?post=1058396&action=edit,,,xal7vay,Find Your Angle: Britany Hayles,"The camera is ready... are you? Whether you're snapping content, walking into a room, or just want to feel good in your own skin, this posing clinic will teach you how to own every angle. Learn the tips and tricks that photographers and influencers swear by, and walk away knowing exactly how to show up and show out in photos and in life.","#EFOC2026, #BC, #BC0703",,Streaming & VOD,Adrienne Racquel,,3/7/2026 14:40,3/7/2026 15:00,,,,,
12,https://www.essence.com/wp-admin/post.php?post=1060457&action=edit,,,,Buy Black Beauty,"Consumers increasingly want to support Black-owned
businesses, but discovery remains a barrier. This stream solves that problem by
showcasing Black-owned beauty brands, telling their stories, and making it easy to shop their products. In this stream Blake Newby will share some well known and
unknown beauty brands and products that are black-owned.",,,Streaming & VOD,,,3/7/2026 15:05,3/7/2026 15:25,,,,,
13,https://www.essence.com/wp-admin/post.php?post=1060459&action=edit,,,,Passion to Profit ft. Cardi B,"A 20 minute stage moment featuring Cardi B followed by a 20 minute Grow Good dedicated moment with a product educator
","#EFOC2026, #BC, #BC0703",,Streaming & VOD,,,3/7/2026 15:30,3/7/2026 15:50,,,,,
,https://www.essence.com/video/partner-in-prime-gu-x-beautycon/,Not in Airtable?,,,Partner in Prime: GU X Beautycon,"Twin flames, dynamic duos and besties across domains  dish on how they elevate each other  and take their friendship and bank accounts to new heights.","#EFOC2026, #BC, #BC0703",,Streaming & VOD,,,,,,,,,
,https://www.essence.com/video/face-off-judged-by-teyanas-team/,Not in Airtable?,,,Face Off: Judged By Teyana's Team,"Professional stylists will go head to head to replicate an iconic beauty look- a few lucky audience members will be chosen to hit the stage and recreate an iconic makeup look inspired by our event theme. Guided by our celebrity makeup artist and fueled by a make up brand sponsor with pro-level products, contestants will have a set amount of time to complete their look live on stage. Once the brushes are down, the audience decides the winner — cheering loudest for their favorite transformation. -- can be tied to TOTR
","#EFOC2026, #BC, #BC0703",,Streaming & VOD,,,,,,,,,
,,,Book Festival: ESSENCE Authors ,,,,,,,,,,,,,,,
1,https://www.essence.com/wp-admin/post.php?post=1061031&action=edit,,,xal65ji,"The Stories We Inherit, The Worlds We Create: Celebrating Black Women New Orleans Writers","Poet Kelly Harris-DeDeBerry joins authors Farrah Rochon and Rhodesia Jackson Douglas for a conversation on inheritance, imagination, and storytelling rooted in New Orleans and Black womanhood. Powered by Community Book Center founder Vera Warren Williams.","#EFOC2026, #EA, #EA0703",,,,,,,,,,,
2,https://www.essence.com/video/from-survival-to-purpose-dr-qiana-oleary-joshua-giles-on-the-road-through/,,,xal65de,(NEW VOICES) From Survival to Purpose: Dr. Qiana O'Leary and Demond Martin on the Road Through,"The setbacks were never meant to stop you — they were meant to shift you. Dr. Qiana O'Leary and Demond Martin bring Beautiful Burdens and Friends of the Good into conversation for a bold, empowering exchange about breaking out of survival mindset, navigating grief and unexpected detours with emotional intelligence, and finding the momentum to keep moving toward the life you were always meant to live.","#EFOC2026, #EA, #EA0703",,VOD,"Dr. Qiana O'Leary
??? Demond Martin (PRH)???  6/26 note
Moderator: Bridgette Bartlett Royall
",,,,,,,,
,,,,,Post-Session Author Signings,"Dr. Qiana O'Leary and Demond Martin, authors of Beautiful Burdens and Friends of the Good.","#EFOC2026, #EA, #EA0703",,,,,,,,,,,
4,https://www.essence.com/video/i-identify-as-all-of-the-above/,,,xal7xse,I Identify as All of the Above,"Nobody explores the intersection of Blackness, disability, and identity quite like Lachi — and she does it with a whole lot of wit. Drawing from her book I Identify as Blind, this conversation digs into what it means to move through the world carrying identities that the mainstream has long tried to minimize, and why reclaiming all of them is the most powerful thing you can do. Funny, sharp, and deeply affirming — this is a session you will not stop talking about.","#EFOC2026, #EA, #EA0703",,VOD,"Lachi
Téa Mutonji 
Moderator: Alexis Bennett-Parker
",,,,,,,,
5,,,,,Book Signing With Marley Dias,"Book signing with author and activist Marley Dias for her first picture book, I Am the Dream Come True.","#EFOC2026, #EA, #EA0703",,,,,,,,,,,
6,https://www.essence.com/wp-admin/post.php?post=1058416&action=edit,,,,Storytime: A Black Girl and Her Braids,"From box braids to cornrows and everything in between, A Black Girl and Her Braids is a love letter to Black hair in all its glory. Author Jaylene Clark Owens brings her viral poem to life in this colorful, affirming storytime experience celebrating the beauty that crowns us. This is a moment for families to gather, read together, and feel seen.","#EFOC2026, #EA, #EA0703",,VOD,Jaylene Clark Owens,,,,,,,,
7,,,,,Post-Session Author Signing,Book signing moment for Lachi and Téa Mutonji. Advanced copies will be available of My Person.,"#EFOC2026, #EA, #EA0703",,,,,,,,,,,
8,https://www.essence.com/wp-admin/post.php?post=1058413&action=edit,,,xal7xlm,What America Still Owes At 250,"Two hundred and fifty years in, America is still being asked to reckon with itself — and this conversation isn't letting it off the hook. Damario Solomon-Simmons and Dorothy A. Brown bring their scholarship, their urgency, and their unflinching clarity to a discussion about race, history, and what it will truly take to redeem and repair this nation. As the country marks its semiquincentennial, this is the panel that asks the question everyone else is dancing around: free for whom, and at what cost?","#EFOC2026, #EA, #EA0703",,VOD,"Damario Solomon-Simmons 
Nikole Hannah-Jones
Virginia W. Harris 
Moderator: Bridgette Bartlette Royall ",,,,,,,,
9,,,,,Post-Session Author Signing,"Book signing with Damario Solomon-Simmons and opportunity to connect with Nikole Hannah-Jones, authors of Redeem a Nation and The 1619 Project.","#EFOC2026, #EA, #EA0703",,,,,,,,,,,
10,https://www.essence.com/wp-admin/post.php?post=1058420&action=edit,,,xal6aem,From Viral to Published: A Fireside Chat with Reesa Teesa,"She started with a camera, a microphone, and something to say — and the internet has never been the same. In this intimate fireside chat, Tareasa ""Reesa Teesa"" Johnson sits down to talk about the wild, rewarding, and deeply personal journey from viral content creator to published author. From the TikTok series that stopped the world mid-scroll to the pages of her book, Reesa Teesa has proven something the internet already suspected: her story, told in her own voice, was always worth more than a few million views.","#EFOC2026, #EA, #EA0703",,VOD,"Tareasa “Reesa Teesa” Johnson;  
Second Panelist: TBD",,,,,,,,
11,,,,,Post-Session Author Signing,"Book signing with Tareasa ""Reesa Teesa"" Johnson, author of What (TF) Do I Do Now. Advanced copies will be available.","#EFOC2026, #EA, #EA0703",,,,,,,,,,,
12,https://www.essence.com/wp-admin/post.php?post=1058422&action=edit,,,,(NIKOLE HANNAH JONES CURATED) A Letter to Black Women in a Country that Doesn't Love Us,"Shortly after the election where a white nationalist president defeated the nation's first Black woman Democratic presidential nominee, memes flew across the internet of Black women sipping wine while the nation burned down. The memes felt cathartic -- we had voted against Trump at the highest rates of all groups. But we also knew it would never happen. Black women understand more than anyone the costs of sitting it out, and yet we are so weary of being asked again and again to save this country from itself. This dynamic panel of some of our most beloved and searing public voices will speak to the heartache and resilience of being a Black woman in a country that doesn't love us.","#EFOC2026, #EA, #EA0703",,VOD,"Tiffany Cross 
Jamilah Lemieux (PRH)
Michelle Miller 
",,,,,,,,
13,https://www.essence.com/wp-admin/post.php?post=1061046&action=edit,,,,Storytime: Congo Square: African Roots in New Orleans,Author Freddie Williams Evans who will take young readers on a journey through Congo Square and African history. ,"#EFOC2026, #EA, #EA0703",,,,,,,,,,,
14,,,,,Post-Session Author Signing,"Book signing and opportunity to connect with talent from A Letter to Black Women in a Country That Doesn't Love Us panel, including Jamilah Lemieux, author of Black. Single. Mother.","#EFOC2026, #EA, #EA0703",,,,,,,,,,,
15,https://www.essence.com/wp-admin/post.php?post=1058424&action=edit,,,,How to Stop Waiting and Start Building,"Arian Simone didn't just build a business, she built a movement. And in Fearless Freedom, she lays out exactly how she did it, what it cost her, and why she'd do it all again. We sit down with her to talk about the book, the journey, and what freedom really looks like when you've had to fight for it.","#EFOC2026, #EA, #EA0703",,VOD,"Arian Simone
Moderator: TBD",,,,,,,,
16,https://www.essence.com/wp-admin/post.php?post=1058426&action=edit,,,,"Mychal Threets Fireside: I'm So
Happy You're Here (Library Joy) ","What does it mean to fight for joy in a moment that keeps threatening to take it away? Mychal Threets explores that question and so much more in this warm, heartfelt conversation about I'm So Happy You're Here: A Celebration of Library Joy — a book and a movement rooted in the simple, radical idea that belonging is every reader's birthright.","#EFOC2026, #EA, #EA0703",,VOD,"Mychael Threets
",,,,,,,,
17,https://www.essence.com/wp-admin/post.php?post=1058429&action=edit,,,,Intersectional Black Experience,"Amena Brown has never met a box she was willing to stay in — and Lachi has never met a label she couldn't reclaim. Together, these two bring Never Tell A Black Girl How To Black Girl and I Identify as Blind into conversation for a session that celebrates the gloriously layered, never one-size-fits-all reality of being Black, bold, and unapologetically yourself. Expect humor, heart, and at least one moment where you turn to your neighbor like ""she said THAT.""","#EFOC2026, #EA, #EA0703",,VOD,Amena Brown; Lachi,,,,,,,,
18,,,,,Post-Session Author Signing,"Book signing with author Amena Brown, of Never Tell a Black Girl How to Black Girl, as well as a second chance to connect with Lachi and Téa Mutonji.","#EFOC2026, #EA, #EA0703",,,,,,,,,,,
19,essence.com/wp-admin/post.php?action=edit&post=1061051,,,,From the Classroom to Financial Freedom,"Fresh off the June release of The 7-Figure Educator, Thomas breaks down how teachers can turn their classroom expertise into a consulting practice, and start building real wealth.","#EFOC2026, #EA, #EA0703",,,"Dr. Erica Jordan Thomas 
Moderator: Bridgette Bartlett Royall",,,,,,,,
20,,,,,Post-Session Author Signing,"Book signing with Dr. Erica Jordan Thomas, author of 7-Figure Educator.","#EFOC2026, #EA, #EA0703",,,,,,,,,,,
21,https://www.essence.com/wp-admin/post.php?post=1058433&action=edit,,,,Black Political Power in the Second Nadir,"As we gather in New Orleans, we sit at the cusp of the most comprehensive attack on civil rights in a century and an effort to decimate Black political representation like we have not seen since the fall of Reconstruction. Essence authors curator Nikole Hannah-Jones argues we are in the Second Nadir and so she has brought together this panel with some our sharpest minds to help us understand not only what is happening, but the necessity of building Black political power even in the darkest moments.","#EFOC2026, #EA, #EA0703",,VOD,"Kimberle Crenshaw 
W. Jelani Cobb
Moderator: TBD",,,,,,,,
22,https://www.essence.com/video/pleasure-principles/,,,,Pleasure Principles,"Ericka Hart didn't come to play — she came to liberate. Pleasure Principles dares to ask who pleasure has historically been denied to, and what becomes possible when we finally stop letting those systems win. This conversation is an invitation to explore desire, dismantle shame, and step fully into the kind of fulfillment that was always meant for you. Your body. Your joy. Your rules.","#EFOC2026, #EA, #EA0703",,VOD,"Ericka Hart
Jamilah Lemeiux
",,,,,,,,
,,,,,Post-Session Author Signing,"Book signing with Ericka Hart, author of Nasty Work, and another opportunity to connect with Jamilah Lemieux, author of Black. Single. Mother.","#EFOC2026, #EA, #EA0703",,,,,,,,,,,
,,,Food and Wine,,,,,,,,,,,,,,,
1,https://www.essence.com/video/the-essence-cookoff-reimagining-shrimp-grits-curated-by-chef-nina-compton/,,,,The Essence Cookoff: Reimagining Shrimp & Grits Curated by Chef Nina Compton,"Theme: Reimagining shrimp & grits. Two competing chefs face three judges.

Kick off the ESSENCE Food & Wine experience with an exciting culinary showdown hosted and curated by acclaimed chef, restaurateur, and James Beard Award winner Nina Compton. In this high-energy competition, two talented chefs will put their own spin on one of the South's most beloved dishes: shrimp and grits. Drawing inspiration from New Orleans, the Caribbean, and the broader African diaspora, each chef will reimagine the classic using bold flavors, innovative techniques, and personal storytelling. As the competition heats up, a panel of judges will evaluate each creation based on taste, creativity, presentation, and cultural connection before crowning a winner. 
Blending food, culture, and friendly competition, this lively opening session sets the tone for a weekend celebrating the flavors, traditions, and culinary excellence of Black communities around the world.","#EFOC2026, #FW, #FW0703",,VOD,,,,,,,,,
2,https://www.essence.com/video/taste-of-the-diaspora/,,,,Taste of the Diaspora,"Food and drink tell the story of who we are, where we've been, and how cultures remain connected across generations and continents. Join us as we explore the rich culinary and beverage traditions of the African diaspora. From Africa to the Caribbean and the American South, this engaging discussion will examine how migration, tradition, entrepreneurship, and innovation continue to shape some of the world's most beloved foods and spirits. Through personal stories, cultural influences, and insights from both the kitchen and behind the bottle, these trailblazers will celebrate the flavors, heritage, and shared experiences that unite communities around the table.","#EFOC2026, #FW, #FW0703",,VOD,,,,,,,,,
3,https://www.essence.com/video/nola-kitchen-confidential-curated-by-chef-nina-compton/,,,,NOLA Kitchen Confidential Curated by Chef Nina Compton,"NOLA chefs in conversation about the city's kitchen culture. 
Step inside the heart of New Orleans' culinary scene with curator and acclaimed chef Nina Compton and celebrated chef Kenneth Temple for an unfiltered conversation about the culture, creativity, and traditions that make the city one of the world's most influential food destinations. From neighborhood kitchens and family recipes to the evolution of modern Creole and Southern cuisine, this session explores the stories, people, and flavors that continue to define New Orleans. Expect candid insights, personal experiences, and a deep dive into the passion, resilience, and community that fuel the city's vibrant food culture.","#EFOC2026, #FW, #FW0703",,VOD,,,,,,,,,
4,https://www.essence.com/video/the-essence-cook-off-new-orleans-style-okra-showdown-curated-by-chef-nina-compton/,,,,The ESSENCE Cook-Off: New Orleans Style Okra Showdown Curated by Chef Nina Compton,"Caribbean chefs showcase okra. Afro-Caribbean theme tying NOLA to the diaspora. A staple of New Orleans kitchens and a beloved ingredient throughout the African diaspora, okra takes center stage in this spirited culinary competition curated by Chef Nina Compton. Three talented chefs with roots in the Caribbean and New Orleans will go head-to-head, each creating an original dish that showcases the versatility, flavor, and cultural significance of this iconic ingredient.
Drawing inspiration from Creole, Caribbean, and Southern traditions, competitors will put their own spin on okra while a panel of three esteemed judges evaluates each dish on taste, creativity, technique, and presentation. Who will rise to the occasion and earn the title of ESSENCE Cook-Off Champion?
Filled with bold flavors, friendly rivalry, and plenty of culinary surprises, this high-energy showdown celebrates the rich food traditions that connect New Orleans to the wider African diaspora.","#EFOC2026, #FW, #FW0703",,VOD,,,,,,,,,
5,https://www.essence.com/video/on-the-menu-in-the-kitchen-with-raven-goodwin/,,,,ON THE MENU - In the Kitchen with Raven Goodwin (Updated 6/16/26) - DATE NIGHT FAMILY MOMENT ON THE MENU...,"Food has a way of bringing people together, step into the kitchen with actress, Raven Goodwin for a lively cooking demo as she serves up one of her favorite recipes while sharing the flavors, traditions, and experiences that have shaped her culinary journey. From comfort food favorites to entertaining tips, this engaging demonstration offers festivalgoers a chance to connect with Raven beyond the screen through food, culture, and community.","#EFOC2026, #FW, #FW0703",,VOD,,,,,,,,,
6,https://www.essence.com/video/coca-cola-roots-recipes/,,,,Coca-Cola: Roots & Recipes,"Roots & Recipes - episode live taping
","#EFOC2026, #FW, #FW0703",,VOD,,,,,,,,,
7,https://www.essence.com/video/lets-toast-libations-legacy-ownership/,,,,"Let's Toast: Libations, Legacy & Ownership","Two Black spirits founders on legacy and ownership. Raise a glass to the innovators reshaping the beverage industry. In this engaging fireside chat, Branden J. Peters of Draught Season and Shalanda Jackson, Brewer at Urban South, come together to discuss entrepreneurship, craftsmanship, and the importance of building legacy through ownership. From creating distinctive products to navigating the challenges and opportunities of the brewing and spirits industries, this conversation explores what it means to break barriers, build brands, and create lasting impact. Whether you're a beverage enthusiast, aspiring entrepreneur, or simply curious about the business behind the bottle, this session offers an inspiring look at the future of Black ownership in the world of beer and spirits.","#EFOC2026, #FW, #FW0703",,VOD,,,,,,,,,
8,https://www.essence.com/video/cooking-from-scratch-with-toya-boudy/,,,,Cooking From Scratch With Toya Boudy,"Inspired by Summer 2026 issue story. New Orleans native Toya Boudy makes one of the ""simple, soul-satisfying dishes"" in her new cookbook, ""Cooking From Scratch,"" while discussing the journey to writing it (including going through a divorce and the cathartic nature of cooking), honoring the ancestors who inspired it, and the cultural staples that make up the recipes in the work.","#EFOC2026, #FW, #FW0703",,VOD,,,,,,,,,
9,https://www.essence.com/video/at-your-service-celebrating-black-women-in-hospitality-curated-by-chef-nina-compton/,,,,Front of House Femmes OR At Your Service: Celebrating Black Women in Hospitality Curated by Chef Nina Compton,"NOLA hospitality intergenerational panel. Behind every unforgettable dining experience is a hospitality professional who knows how to make guests feel welcome, valued, and at home. In this inspiring intergenerational conversation, New Orleans hospitality leaders Arkesha Baquet of Lil Dizzy's Cafe, Effie of Dakar NOLA, and Zoe Chase, fifth-generation steward of the legendary Dooky Chase's Restaurant, come together to discuss the art of hospitality, preserving family legacies, and creating spaces where culture and community thrive.
Spanning generations and perspectives, this conversation explores the vital role Black women play in shaping New Orleans' hospitality industry while honoring the traditions, resilience, and excellence that continue to define the city's dining culture. From family-owned institutions to modern culinary destinations, these women are carrying forward a legacy of service while helping to shape the future of hospitality.","#EFOC2026, #FW, #FW0703",,VOD,,,,,,,,,
,https://www.essence.com/wp-admin/post.php?post=1057116&action=edit,,ESSENCE Stage™,,,,,,,,,,,,,,,
1,https://www.essence.com/video/nola-cultural-opening-mardi-gras-indians/,,,,NOLA Cultural Opening: Mardi Gras Indians,"The Essence Festival of Culture opens the way New Orleans has always opened everything that matters: with sound, with movement, with a community dressed in its finest and ready to celebrate. The suits. The chanting. The call-and-response that fills a room and reminds you exactly where you are. As intricate beadwork catches the light and a brass band carries the energy forward, the Essence main stage comes alive in a celebration that is loud, intentional, and deeply rooted in the culture of this city.
This is how we open. This is how we begin.","#EFOC2026, #ES, #ES0703",,Streaming & VOD,"Headliner: Big Chief + suit council + percussion
XFN Talent: Flag Boy Giz (Wild Tchop) — Christina to add; Queen Taj (featured on cover)",,3/7/2026 10:00,3/7/2026 10:20,,,,,
2,https://www.essence.com/video/dont-get-quiet-now-protecting-your-voice-in-the-age-of-misinformation/,,,xal660u,Don't Get Quiet Now: Protecting Your Voice In The Age Of Misinformation,"The era of mis and disinformation, being outspoken/having a voice. Maintaining your First Amendment Right in the Trump era. How to not feel dejected ahead of the midterms.","#EFOC2026, #ES, #ES0703",,Streaming & VOD,"SUGGESTED TALENT: Marley Dias (via Actum) and Lynae Vanee, Anna Malaika Tubbs



",,3/7/2026 10:30,3/7/2026 10:50,,,,,
3,https://www.essence.com/video/the-beauty-we-inherit/,,,xal65py,The Beauty We Inherit,"A founder-led conversation on the rituals, wisdom, and community truths that shape what Black women build and carry forward.","#EFOC2026, #ES, #ES0703",,Streaming & VOD,"Desiree Rogers + Janell Stephens
",,3/7/2026 11:00,3/7/2026 11:20,,,,,
4,https://www.essence.com/video/in-conversation-with-essence-dr-bernice-king-and-dr-ilyasah-shabazz/↗,,,xal7j8a,In Conversation with ESSENCE: Dr. Bernice King and Dr. Ilyasah Shabazz,"An unforgettable conversation, two living legacies share one stage. Join Dr. Bernice King and Dr. Ilyasah Shabazz, daughters of Dr. Martin Luther King Jr. and Malcolm X, for a powerful discussion moderated by entrepreneur, community leader, and Actively Black founder Lanny Smith.

Together, they will reflect on the enduring impact of their fathers' work, the responsibility of carrying forward those legacies, and how they have forged their own paths as leaders, advocates, and changemakers. Through personal stories and candid reflections, Dr. King and Dr. Shabazz will discuss navigating racial injustice, division, and uncertainty while remaining grounded in faith, purpose, hope, and action.

Timely, inspiring, and deeply relevant, this historic conversation explores leadership, resilience, and the ongoing pursuit of justice while challenging us to consider how we honor the past, lead in the present, and empower the next generation to create meaningful change.","#EFOC2026, #ES, #ES0703",,Streaming & VOD,"Dr. Bernice King, Dr. Ilyasah Shabazz
Moderator: Lanny Smith, Actively Black",,3/7/2026 11:30,3/7/2026 11:50,,,,,
5,https://www.essence.com/wp-admin/post.php?post=1059577&action=edit,,,xal7ycm,"Are We Addicted to the Aesthetic? The Truth Behind Hookah, Vaping, and Nicotine in Our Communities
Presented by Truth Initiative","The question isn't whether hookah and vaping are popular—the question is why. Attendees will leave with a deeper understanding of how nicotine has been woven into culture, what the real health impacts are, and how we can collectively reimagine wellness, freedom, and community beyond the smoke.","#EFOC2026, #ES, #ES0703",Truth Initiative,Streaming & VOD,"Dr. Eddie Hackler
Cardiologist and Health Advocate

Dr. Chris T. Pernell
Director, Center for Health Equity, NAACP

Dr. Kendric D. Dartis
Vice President, Outreach & Engagement, Truth Initiative",,3/7/2026 12:00,3/7/2026 12:20,,,,,
7,https://www.essence.com/wp-admin/post.php?post=1059581&action=edit,,,xal7obm,End Zone: ESPN Women Defining the Game,"From NFL culture shifts to the road to the Super Bowl, this conversation spotlights the voices reshaping football and breaking barriers.","#EFOC2026, #ES, #ES0703",,Streaming & VOD,"Sponsor: Disney
Kimberly A. Martin, Sheila Matthews
Moderator: Deja Vu Parker",,3/7/2026 13:00,3/7/2026 13:20,,,,,
8,https://www.essence.com/video/therapy-irl-check-in-sis/,,,xal7n6u,"Therapy IRL: Check In, Sis","ESSENCE’s Therapy IRL column brought to life. Anderson is the designated Therapy IRL physician. Through an interactive, “Raise your hand if” approach, Therapy IRL creates a safe, collective space where the audience checks in together.","#EFOC2026, #ES, #ES0703",,Streaming & VOD,"""Cultural Co-Host: TBD (In-House)
Anchor: Dr. Riana Elyse Anderson
XFN Co-Host Alts: Dr. Raquel Martin; Dr. Mimi""",,3/7/2026 13:35,3/7/2026 13:55,,,,,
9,https://www.essence.com/wp-admin/post.php?post=1059583&action=edit,,,,A Prime Preview | Ride or Die + Neagley,"Two powerhouse women. Two highly anticipated Prime Video action titles. One can’t miss stage.
Academy Award® winner Octavia Spencer and rising star Marie Sten take the mainstage together for an electrifying preview of what's next from Prime Video. Spencer pulls back the curtain on Ride or Die, the adrenaline-fueled action-thriller that marks a bold new chapter in her career, while Sten gives audiences a first look at what it takes to embody the fiercely formidable Neagley in the latest expansion of the Reacher universe. Expect exclusive reveals, behind-the-scenes stories, and the kind of energy only these two can bring.","#EFOC2026, #ES, #ES0703",AMAZON,Streaming & VOD,"Octavia Spencer, Maria Sten
Moderator: Amanda Baker-Lane",,3/7/2026 14:10,3/7/2026 14:30,,,,,
10,https://www.essence.com/wp-admin/post.php?post=1059586&action=edit,,,xal84qm,"POWER MOVE: Louisiana Women Who Build, Lead, and Win","Economic development in Louisiana has historically been told through the lens of numbers — jobs created, contracts awarded, dollars invested. This panel reframes that story. It puts the women behind those numbers center stage and asks: What does it take to close a deal that changes a city? What does it look like to build an ecosystem that includes the people who are usually left out? And what is the real cost — and reward — of showing up in rooms that weren’t built for you?","#EFOC2026, #ES, #ES0703",Sponsor: Louisiana Economic Development (LED),Streaming & VOD,"Mandi D. Mitchell
Mayor Helena Moreno (Pending)
Shamelda Pete
Jasmine Brown DeRousselle
Mderator: Barkue Tubman-Zawolo ",,3/7/2026 14:45,3/7/2026 15:05,,,,,
11,https://www.essence.com/video/instantly-iconic-from-reality-tv-rookie-to-fan-favorite/,,,,Instantly Iconic: From Reality TV Rookie to Fan Favorite,"What is it like to join an established cast or to be a part of a spinoff and shake the table by being authentically you? These ladies share what it takes, who their favorite cast members and least favorite cast members have been, reunion pains and answer audience questions.","#EFOC2026, #ES, #ES0703",,Streaming & VOD,,,3/7/2026 15:20,3/7/2026 15:40,,,,,
12,https://www.essence.com/video/we-love-us-runway/,,,,*WE LOVE US RUNWAY ,"Runway show. 30 min  
(exception). Friday closer.  
Highest energy ending.
","#EFOC2026, #ES, #ES0703",,Streaming & VOD,Talent: Designer lineup; models; DJ,,3/7/2026 15:20,3/7/2026 15:40,,,,,
,,,New Voices Entrepreneur Hub,,,,,,,,,,,,,,,
1,https://www.essence.com/video/you-were-designed-for-this-build-a-life-that-supports-your-business/↗,,,,You Were Designed For This: Build a Life That Supports Your Business,"What if the real challenge isn’t your business—but whether your life is structured to support it?

In this interactive session, executive coach Maria Casanova Brown brings over 25 years of experience to help founders rethink how they live, work, and lead. Instead of pushing for more output, this session focuses on building the capacity, clarity, and alignment needed for sustainable growth.

Attendees will walk away with a practical framework to align their time, energy, and priorities—so their business can grow without constant burnout or pressure.","#EFOC2026, #NVEH, #NVEH0703",,VOD,"Host: Maria Casanova, RISE Well Solutions",,,,,,,,
2,https://www.essence.com/video/climbing-the-capital-ladder-what-to-fund-when/↗,,,,"Climbing the Capital Ladder: What to Fund, When","All money isn't good money, especially at the wrong stage of business.

This session gives founders a clear path through the noise, breaking down exactly which types of capital to use as your business grows. From self-funding and grants to loans and institutional capital, you will learn how to move strategically through each funding phase.

Walk away with a simple framework to fund your business the right way, at the right time.","#EFOC2026, #NVEH, #NVEH0703",,VOD,"Speaker: Ensa Huger, New Voices Fund
Speaker: Casey Dike', Blaze Group
Speaker: Stephanie Fowler, Institute for Entrepreneurial Leadership",,,,,,,,
3,https://www.essence.com/video/protect-your-business-like-a-ceo-what-every-entrepreneur-should-know-about-risk-insurance-and-growth/↗,,,,"Protect Your Business Like a CEO: What Every Entrepreneur Should Know About Risk, Insurance, and Growth","As your business grows, so do the risks and understanding how to protect what you're building is just as important as creating it. Join us for a practical conversation on the insurance, liability, and risk management considerations every entrepreneur should know, from pop-up shops and festivals to retail opportunities and business expansion.

This session will explore common business risks, essential insurance coverages, protecting your assets and reputation, and how the right protections can support sustainable growth. Following the presentation, hear directly from founders as they share lessons learned, unexpected challenges they've faced, and advice for entrepreneurs preparing for their next stage of growth.","#EFOC2026, #NVEH, #NVEH0703",,VOD,"Speaker: Adrianne Spain, Adrianne’s Couture Boutique LLC
Speaker: Ameka Coleman, Strands of Faith	Host: Rosemary Moore, Sharpe & Associates Insurance Agency",,,,,,,,
4,https://www.essence.com/video/target-is-your-brand-ready-for-mass-retail/↗,,,,TARGET: Is Your Brand Ready for Mass Retail?,"Mass retail can create new opportunities for your brand, but it also comes with new expectations, added pressure, and big business decisions. In this session, the Target Accelerators team will talk through what founders should consider before pursuing major retail stores. From production and pricing to timing, growth, and the day-to-day realities that often get overlooked. Whether retail is your goal or you’re still figuring out the right path for your brand, this conversation will help you better understand if mass retail is the right next step for your business.","#EFOC2026, #NVEH, #NVEH0703",Target,VOD,"Speaker: TBD
Host: Mimi Udezue, Target",,,,,,,,
5,https://www.essence.com/video/branding-that-brings-in-capital/↗,,,,Branding That Brings in Capital,"A strong brand doesn’t just attract customers, it attracts capital.

This session moves beyond “brand awareness” and into strategy, introducing the F.U.N.D. Method: a tactical approach to building a brand that resonates with both your audience and potential investors. Founders will learn how to clearly articulate their story, position their brand for opportunity, and integrate their narrative into funding conversations.

Attendees will leave with a clearer understanding of how to make their brand work for them in the rooms where capital decisions are made.","#EFOC2026, #NVEH, #NVEH0703",,VOD,"Host: Adebukola Ajao, B.D.Y CONSULT / For All Things Digital",,,,,,,,
6,https://www.essence.com/video/from-booked-to-sustainable-scaling-a-service-based-business/↗,,,,From Booked to Sustainable: Scaling a Service-Based Business,"This conversation pulls back the curtain on how service-based founders are building businesses that stay booked, get paid, and grow with intention. From turning relationships into real revenue, to building brands people trust and come back to, to creating income beyond one-to-one work—this panel shares what it actually takes to sustain and scale.

Whether you’re hiring, supporting, or becoming a service provider yourself, you’ll walk away with a deeper understanding of what makes these businesses thrive and how they’re building success that lasts.","#EFOC2026, #NVEH, #NVEH0703",,VOD,"Speaker: Ashley Yearby, Secure The Bags
Speaker: Kristen Dufauchard, aKrewe
Speaker: Ponchitta Lanoue, PM3 Impact Group
Host: Dr. Qiana O'Leary, Minty Educational Services",,,,,,,,
7,https://www.essence.com/video/retail-readiness-positioning-your-brand-for-platforms-shelves-scale/↗,,,,"Retail Readiness: Positioning Your Brand for Platforms, Shelves & Scale","Getting your product into the world isn’t just about what you sell—it’s about how you position your brand to grow across multiple channels.

In this session, founders will gain a behind-the-scenes look at what it takes to be attractive to marketplaces, retailers, and direct-to-consumer platforms alike. From product readiness and pricing strategy to operations and brand positioning, this conversation breaks down how to build a business that can thrive on your own site, on e-commerce platforms, and on physical shelves.

Attendees will walk away with a clear understanding of how to diversify distribution, approach each channel strategically, and avoid common missteps that can stall growth.","#EFOC2026, #NVEH, #NVEH0703",,VOD,"Speaker: Adeola Wright, Julo Shop
Speaker: Jennifer Lyle, The Butta House 
Speaker: Brigham Stewart, New Voices Fund
Host: Mabel Frias, Read Fragrances",,,,,,,,
8,https://www.essence.com/video/your-legacy-is-already-inside-you-closing-the-gaps-between-purpose-and-business/↗,,,,Your Legacy is Already Inside You: Closing the Gaps Between Purpose and Business,"This session challenges purpose-driven entrepreneurs to stop waiting and start living the legacy already inside them by aligning their vision with a business built to sustain it. A legacy coach and business coach reveal the hidden gaps (across systems, sales, positioning, and relationships) that prevent businesses from fully funding their purpose. The session equips attendees to close those gaps and build businesses that actively grow, support, and amplify the legacy they are meant to live.","#EFOC2026, #NVEH, #NVEH0703",,VOD,"Speaker: Coach Nic, Coach Nic DC
Speaker: Patrice Chappelle, MelanBrand Skin
Host: Tonya Rutherford, Nia Ford Consulting",,,,,,,,
,,,NEW VOICES VILLAGE™,,,,,,,,,,,,,,,
1,https://www.essence.com/wp-admin/post.php?post=1059613&action=edit,,,,Ponchitta Lanoue of PM3 Impact Group at Founder Feature in the New Voices Village,"Meet Ponchitta Lanoue of PM3 Impact Group at Founder Feature in the New Voices Village. Connect directly with Ponchitta, discover new products and services, and hear the stories behind the businesses they’re building throughout the weekend. 

Founder: Ponchitta Lanoue, PM3 Impact Group","#EFOC2026, #NVV, #NVV0703",,VOD,"Ponchitta Lanoue, PM3 Impact Group",,,,,,,,
2,https://www.essence.com/wp-admin/post.php?post=1059614&action=edit,,,,Rika Martin of Royalty Health Inc at Founder Feature in the New Voices Village,"Meet Rika Martin, Royalty Health Inc at Founder Feature in the New Voices Village. Connect directly with entrepreneurs, discover new products and services, and hear the stories behind the businesses they’re building throughout the weekend. 

Founder: Rika Martin, Royalty Health Inc","#EFOC2026, #NVV, #NVV0703",,VOD,"Rika Martin, Royalty Health Inc",,,,,,,,
3,https://www.essence.com/wp-admin/post.php?post=1059618&action=edit,,,,Raven Johnson of Kurle University in Makers’ Studio in the New Voices Village,"Join Raven Johnson of Kurle University for a live demonstration and hands-on workshop in Makers’ Studio in the New Voices Village. Discover products, learn new skills, and connect directly with founders and entrepreneurs. 

Founder: Raven Johnson, Kurle University","#EFOC2026, #NVV, #NVV0703",,VOD,"Raven Johnson, Kurle University",,,,,,,,
4,https://www.essence.com/wp-admin/post.php?post=1059619&action=edit,,,,Dominique Dilling of Backstreet Cultural Museum at Founder Feature in the New Voices Village,"Meet Dominique Dilling of Backstreet Cultural Museum at Founder Feature in the New Voices Village. Connect directly with entrepreneurs, discover new products and services, and hear the stories behind the businesses they’re building throughout the weekend. 

Founder: Dominique Dilling, Backstreet Cultural Museum","#EFOC2026, #NVV, #NVV0703",,VOD,"Dominique Dilling, Backstreet Cultural Museum",,,,,,,,
5,https://www.essence.com/wp-admin/post.php?post=1059620&action=edit,,,,Elizabeth LeFrere of StudioBE at Founder Feature in the New Voices Village,"Meet Elizabeth LeFrere of StudioBE at Founder Feature in the New Voices Village. Connect directly with entrepreneurs, discover new products and services, and hear the stories behind the businesses they’re building throughout the weekend. 

Founder: Elizabeth LeFrere, StudioBE","#EFOC2026, #NVV, #NVV0703",,VOD,"Elizabeth LeFrere, StudioBE",,,,,,,,
6,6,,,,Lisette Scott of Jam+Rico at Founder Feature in the New Voices Village,"Join Lisette Scott of Jam+Rico for a live demonstration and hands-on workshop in Makers’ Studio in the New Voices Village. Discover products, learn new skills, and connect directly with founders and entrepreneurs. 

Founder: Lisette Scott, Jam+Rico","#EFOC2026, #NVV, #NVV0703",,VOD,"Lisette Scott, Jam+Rico",,,,,,,,
7,https://www.essence.com/wp-admin/post.php?post=1059626&action=edit,,,,Jhavon Kashif of ABSTRX Nail Art Press-ons at Founder Feature in the New Voices Village,"Meet Jhavon Kashif of ABSTRX Nail Art Press-ons at Founder Feature in the New Voices Village. Connect directly with entrepreneurs, discover new products and services, and hear the stories behind the businesses they’re building throughout the weekend. 

Founder: Jhavon Kashif, ABSTRX Nail Art Press-ons","#EFOC2026, #NVV, #NVV0703",,VOD,"Jhavon Kashif, ABSTRX Nail Art Press-ons",,,,,,,,
8,https://www.essence.com/wp-admin/post.php?post=1059628&action=edit,,,,Aisata Diallo of Tressfecta at Founder Feature in the New Voices Village,"Meet Aisata Diallo of Tressfecta at Founder Feature in the New Voices Village. Connect directly with entrepreneurs, discover new products and services, and hear the stories behind the businesses they’re building throughout the weekend. 

Founder: Aisata Diallo, Tressfecta","#EFOC2026, #NVV, #NVV0703",,VOD,"Aisata Diallo, Tressfecta",,,,,,,,
9,https://www.essence.com/wp-admin/post.php?post=1059630&action=edit,,,,Allison Roberts of Sistah Chatta in Makers' Studio in the New Voices Village,"Join Allison Roberts of Sistah Chatta in the New Voices Village for live demonstration and hands-on workshop in Makers’ Studio in the New Voices Village to discover products, learn new skills, and connect directly with founders and entrepreneurs. 

Founder: Allison Roberts, Sistah Chatta","#EFOC2026, #NVV, #NVV0703",,VOD,"Allison Roberts, Sistah Chatta",,,,,,,,
10,https://www.essence.com/wp-admin/post.php?post=1059632&action=edit,,,,Ameka Coleman of Strands of Faith at Founder Feature in the New Voice Village,"Meet Ameka Coleman of Strands of Faith at Founder Feature in the New Voices Village. Connect directly with entrepreneurs, discover new products and services, and hear the stories behind the businesses they’re building throughout the weekend. 

Founder: Ameka Coleman, Strands of Faith","#EFOC2026, #NVV, #NVV0703",,VOD,"Ameka Coleman, Strands of Faith",,,,,,,,
11,https://www.essence.com/wp-admin/post.php?post=1059634&action=edit,,,,Premise Martin of Pedi Licious Footwear/Care LLC at Founder Feature in the New Voices Village,"Meet Premise Martin of Pedi Licious Footwear/Care LLC at Founder Feature in the New Voices Village. Connect directly with entrepreneurs, discover new products and services, and hear the stories behind the businesses they’re building throughout the weekend. 

Founder: Premise Martin, Pedi Licious Footwear/Care LLC","#EFOC2026, #NVV, #NVV0703",,VOD,"Premise Martin, Pedi Licious Footwear/Care LLC",,,,,,,,
12,,,,,TBD,"Join live demonstrations and hands-on workshops in Makers’ Studio to discover products, learn new skills, and connect directly with founders and entrepreneurs.","#EFOC2026, #NVV, #NVV0703",,VOD,TBD,,,,,,,,
13,https://www.essence.com/wp-admin/post.php?post=1059636&action=edit,,,,LaDonna Welch of Ebony Notes Co. at Founder Feature in the New Voices Village,"Meet LaDonna Welch of Ebony Notes Co. at Founder Feature in the New Voices Village. Connect directly with entrepreneurs, discover new products and services, and hear the stories behind the businesses they’re building throughout the weekend. 

Founder: LaDonna Welch, Ebony Notes Co.","#EFOC2026, #NVV, #NVV0703",,VOD,"LaDonna Welch, Ebony Notes Co.",,,,,,,,
14,https://www.essence.com/wp-admin/post.php?post=1059638&action=edit,,,,Dr. Tayiana Reed of The Wellness Apothecary at Founder Feature in the New Voices Village,"Meet Dr. Tayiana Reed of The Wellness Apothecary at Founder Feature in the New Voices Village. Connect directly with entrepreneurs, discover new products and services, and hear the stories behind the businesses they’re building throughout the weekend. 

Founder: Dr. Tayiana Reed, The Wellness Apothecary","#EFOC2026, #NVV, #NVV0703",,VOD,"Dr. Tayiana Reed, The Wellness Apothecary",,,,,,,,
15,https://www.essence.com/wp-admin/post.php?post=1059640&action=edit,,,,Katrina Cousins of The Bejeweled Tee Shirt in Makers' Studio in the New Voices Village,"Join Katrina Cousins of The Bejeweled Tee Shirt for a live demonstration and hands-on workshop in Makers’ Studio in the New Voices Village to discover products, learn new skills, and connect directly with founders and entrepreneurs. 

Founder: Katrina Cousins, The Bejeweled Tee Shirt","#EFOC2026, #NVV, #NVV0703",,VOD,"Katrina Cousins, The Bejeweled Tee Shirt",,,,,,,,
16,https://www.essence.com/wp-admin/post.php?post=1059646&action=edit,,,,Tashara Earl of Shades of Color at Founder Feature in the New Voices Village,"Meet Tashara Earl of Shades of Color at Founder Feature in New Voices Village. Connect directly with entrepreneurs, discover new products and services, and hear the stories behind the businesses they’re building throughout the weekend. 

Founder: Tashara Earl, Shades of Color","#EFOC2026, #NVV, #NVV0703",,VOD,"Tashara Earl, Shades of Color",,,,,,,,
17,https://www.essence.com/wp-admin/post.php?post=1059648&action=edit,,,,Courtney Kelly of Courtney Kelly Books at Founder Feature in the New Voices Village,"Meet Courtney Kelly of Courtney Kelly Books at Founder Feature in New Voices Village. Connect directly with entrepreneurs, discover new products and services, and hear the stories behind the businesses they’re building throughout the weekend. 

Founder: Courtney Kelly, Courtney Kelly Books","#EFOC2026, #NVV, #NVV0703",,VOD,"Courtney Kelly, Courtney Kelly Books",,,,,,,,
,,,Suede: Men’s Experience ™,,,,,,,,,,,,,,,
1,https://www.essence.com/wp-admin/post.php?post=1058519&action=edit,,,xal62sa,Black Men’s Wellness: Man Up & Check In,"Suede Friday opener. What happens when a Black man actually listens to his body — and it saves his life? Social media personality Obio Jones did just that. After being diagnosed with testicular cancer and coming out the other side cancer-free, he's sitting down with New Orleans physician Dr. Herbert for an honest, no-filter conversation about what it really means to take care of yourself. From the signs too many of us ignore, to the doctors we don't trust, to the stigma that keeps us out of waiting rooms — this fireside chat goes there. 
","#EFOC2026, #ME, #ME0703",,VOD,"Moderator: 
Panelists: Dr.Corey Hebert, Obio Jones ",,,,,,,,
2,https://www.essence.com/wp-admin/post.php?post=1058524&action=edit,,,xal63ce,The Art of Art Collecting,"You don't have to be a millionaire to own great art — but you do need to know the rules of the game. This conversation breaks down everything you need to start building a collection that's worth something, both financially and culturally. Panelists are pulling back the curtain on what's actually worth your coins, how to spot talent before the price triples, and how to get your hands on work that feels out of reach.","#EFOC2026, #ME, #ME0703",,VOD,"Moderator: Okla Jones III
Panelists: Terrance Osborne, Jerin ""Jerk"" Beasley, Keon Parsons ",,,,,,,,
3,https://www.essence.com/video/top-notes-a-fragrance-masterclass/↗,,,,Top Notes: A Fragrance Masterclass,"Your scent says something before you ever open your mouth. But are you saying the right thing? This hands-on masterclass breaks down the art of fragrance: how to layer, what works for your body chemistry, and which scents belong in your rotation depending on the season, the room, and the moment.

","#EFOC2026, #ME, #ME0703",,VOD,"Anchor (pending): TBD
Panelists: Mr.Cologne (Black Fragrance Week) , Darrell Spencer (Crowned Skin),",,,,,,,,
4,,,,,*Podcast -REPLACE,"The 520 Podcast brings its signature blend of real talk, sharp perspectives, and unfiltered conversation to the stage for a live experience you won't want to miss. Known for tackling everything from relationships and culture to current events and the conversations happening in the community, the hosts keep it authentic, entertaining, and thought-provoking. Expect candid dialogue, plenty of laughs, and the kind of honest discussion that keeps listeners coming back week after week.","#EFOC2026, #ME, #ME0703",,VOD,"Panelists: TBD
Moderator: TBD",,,,,,,,
5,,,,,SPONSOR SLOT - Suede 1PM,Podcast taping. Surprise guest format. (Disney???),"#EFOC2026, #ME, #ME0703",,VOD,Talent:,,,,,,,,
6,https://www.essence.com/video/black-men-brotherhood-a-fireside-chat-with-aulston-taylor-and-bivian-sonny-lee/↗,,,,"Black Men & Brotherhood — A Fireside Chat with Aulston Taylor and Bivian ""Sonny"" Lee","Nobody talks about brotherhood the way brothers do. Aulston Taylor and Bivian ""Sonny"" Lee has spent years having the kind of honest, unfiltered conversations about Black men's lives that most people only have in private — and now they're bringing that energy to the Suede stage. You'll see what real brotherhood looks like for Black men today:  how we find it, how we keep it, and what happens to us when we don't have it.","#EFOC2026, #ME, #ME0703",,VOD,"Fireside Chat : Bivian ""Sonny"" Lee , Aulston Taylor
(ROUNDTABLE CONVERSATION)
",,,,,,,,
7,https://www.essence.com/video/roll-with-it-cigar-making-workshop/↗,,,,Roll With It: Cigar Making Workshop,"There's an art to a great cigar — and now it's yours to learn. This hands-on workshop puts you in the seat of a master roller, walking you through the craft of hand-rolling a premium cigar from leaf to light.","#EFOC2026, #ME, #ME0703",,VOD,"
Panelists: Anu Amen Ra",,,,,,,,
8,https://www.essence.com/video/reclaiming-the-fabric-black-men-and-fashion/↗,,,,Reclaiming the Fabric: Black Men and Fashion,"From design and entrepreneurship to community-building and cultural influence, founders EMLINE James, Tvche, and Loyalty Club discuss the responsibility and opportunity that come with creating for the culture while building businesses designed to last.","#EFOC2026, #ME, #ME0703",,VOD,"Moderator : Okla Jones 
Panelists:  EMLINE James, Tvche, Loyalty Club",,,,,,,,
9,https://www.essence.com/video/collectors-garage-day-1-cars/↗,,,,Collector's Garage Day 1 : Cars,"Collector vehicle activation.
Known for building one of hip-hop’s most respected car collections, Curren$y has spent years bringing people together through events that celebrate classic vehicles. The Jet Life founder will talk about his favorite automobiles, discuss the connection between cars and creativity, and how New Orleans continues to inspire everything he does.","#EFOC2026, #ME, #ME0703",,VOD,"Host: Okla Jones 
Guests: Curren$y",,,,,,,,
,,,Unbothered & Well,,,,,,,,,,,,,,,
1,https://www.essence.com/video/practice-by-palmer-an-intimate-mat-pilates-session-with-keke-palmer/↗,,,xal7ypu,Practice by Palmer: An Intimate Mat Pilates Session with Keke Palmer,Roll out your mat for an intimate Pilates session led by Keke Palmer herself. Forty-five minutes of low-impact movement with the founder of Practice by Palmer.,"#EFOC2026, #UW, #UW0703",,VOD,Keke Palmer,,,,,,,,
2,https://www.essence.com/video/door-of-return-a-welcome-ritual-poetry-experience-with-monique-lorden-porter/↗,,,xal7yj6,Door of Return: A Welcome Ritual & Poetry Experience with Monique Lorden Porter,Step into Unbothered & Well through the Door of Return. A poetic welcome ritual led by Monique Lorden Porter. A grounding moment that asks you to leave what's heavy at the threshold and walk in fully present.,"#EFOC2026, #UW, #UW0703",,VOD,Monique Lorden Porter,,,,,,,,
3,https://www.essence.com/wp-admin/post.php?post=1058557&action=edit,,,xal7o9i,When They Don't Listen: The Heart Symptoms Women Are Told to Ignore with Crystal Dobson & Tara Robinson,"Women's heart attacks don't always look like the movies — and the symptoms that get dismissed as stress, anxiety, or “doing too much” are too often the ones that matter most. As a cardiac ICU nurse and CardiacFITT founder, she'll lead an honest conversation on how heart disease actually shows up in women, the warning signs that get missed, and when to stop second-guessing yourself and seek care. Through real stories, guided reflection, and a take-home guide, attendees will leave knowing the signs to watch for and the questions to ask.","#EFOC2026, #UW, #UW0703",,VOD,"Crystal Dobson
",,,,,,,,
4,https://www.essence.com/video/traveling-to-heal-a-talking-circle-on-why-rest-requires-distance-with-adrianne-ajax-jackson/↗,,,,Traveling to Heal: A Talking Circle on Why Rest Requires Distance with Adrianne “Ajax” Jackson,"A conversation exploring the growing wellness movement of Black women finding healing through travel across the African Diaspora. Drawing from her experience leading international retreats in, AJax shares how reconnecting with culture, community, ancestry, and place can become a powerful tool for restoration and self-discovery. Attendees will explore the difference between a vacation and a wellness pilgrimage, what makes these experiences transformative, and practical ways to incorporate healing-centered travel into their own lives.","#EFOC2026, #UW, #UW0703",,VOD,Ajax Jackson,,,,,,,,
5,https://www.essence.com/video/off-the-record-a-founders-creators-talking-circle/↗,,,,Founder's Unplugged: A restorative experience for Founders & Creators with Rebekah Morant & Brittany Bygrave,"A space for founders, creators, and creative entrepreneurs to exhale because we don’t get rooms like this often enough. Rebekah Morant and Brittany Bygrave will lead a brief community meditation and seated yoga session for you to reset and fellowship.","#EFOC2026, #UW, #UW0703",Rebekah Morant & Brittany Bygrave,VOD,Rebekah Morant,,,,,,,,
,,,We Love Us: The Marketplace,,,,,,,,,,,,,,,
1,https://www.essence.com/video/lets-talk-about-it/,,,,Let's Talk About It,"Kick off the day with a conversation about the topics making headlines and impacting our communities. From entrepreneurship and wealth building to health, culture, and community, we'll explore what's happening now, why it matters, and how it connects to the conversations taking place throughout the day on the We Love Us Marketplace Stage.

Speakers: 
Marie Clark, New Voices Foundation
Ensa Huger, NVF Capital","#EFOC2026, #WLU, #WLU0703 ",,VOD,,,,,,,,,
2,https://www.essence.com/video/the-weight-and-wonder-of-being-the-first/,,,xal679q,The Weight and Wonder of Being the First,"The first to buy a home. The first to graduate college. The first to start a business. The first to build wealth.

Behind every major milestone is a story of sacrifice, resilience, pressure, and possibility. This conversation explores the real experiences behind first-generation achievement — and the financial habits, systems, and mindset shifts required to create lasting ownership and generational impact.

Speakers: 
Ensa Huger, NVF Capital
Dr. LaTanya White, Dynastic Wealth® | Concept Creative Group
Casey Dike', Blaze Group","#EFOC2026, #WLU, #WLU0703 ",,VOD,,,,,,,,,
3,https://www.essence.com/wp-admin/post.php?post=1058590&action=edit,,,xal7yaa,"Culture as Currency: Building Brands Rooted in Story, Identity & Legacy","In today’s fast-moving, trend-driven market, the brands that stand out aren’t chasing what’s next—they’re grounded in something deeper. This panel brings together founders and cultural storytellers to explore how heritage, identity, and lived experience shape brands that truly connect. This conversation highlights how culture isn’t just inspiration—it’s infrastructure.

Attendees will walk away with a deeper understanding of how to build brands that feel rooted, resonant, and lasting—while honoring the communities and stories they come from.","#EFOC2026, #WLU, #WLU0703 ",,VOD,"Host: Quinn
Speaker/Panelist: Jhavon Kashif, ABSTRX Nail Art Press-ons
Speaker/Panelist: (V - TBD) Brittney Adams, Focus & Frame Eyewear
Speaker/Panelist: Patrice Chappelle, MelanBrand Skin",,,,,,,,
4,https://www.essence.com/video/founder-showcase/,,,xal6a7i,FOUNDER SHOWCASE,"Get to know the founders behind innovative brands and businesses vending in the We Love Us Marketplace and making an impact in their communities. Hear their journeys, learn what inspired them to build their brands, and discover products and services you can support throughout the weekend.

Speakers:
Bianca Tatum, Cree & Company
Grace Yeboah Ofori, TrufaceByGrace. LLC
Alexandria Alli, F&W Style
Issa Gray, Ire Aje
Quinn Conyers, Speak to Society","#EFOC2026, #WLU, #WLU0703 ",,VOD,"Speaker: Bianca Tatum, Cree & Company
Speaker: Grace Yeboah Ofori, TrufaceByGrace. LLC
Speaker: Alexandria Alli, F&W Style
Speaker: Issa Gray, Ire Aje
Moderator: Quinn Conyers, Speak to Society",,,,,,,,
5,https://www.essence.com/video/health-check-what-do-you-know/,,,,Health Check: What Do You Know?,"Join us for a fast-paced, interactive game show, where we put your health knowledge to the test. From preventative care to everyday wellness habits, this session breaks down what you should know—so you can make more informed decisions for yourself and your family.","#EFOC2026, #WLU, #WLU0703 ",,VOD,"Speakers:
Dr. Munirah Bomani, Bomani Beauty
Jennifer ""Jaki"" Johnson, WellMiss",,,,,,,,
6,https://www.essence.com/video/a-wellness-reset-from-burnout-to-boundaries/↗,,,,A Wellness Reset: From Burnout to Boundaries,"What if the thing holding you back isn’t lack of discipline—but lack of permission? In a culture that rewards burnout and perfection, many leaders lose themselves while chasing success. This session blends wellness and entrepreneurship to help attendees step out of overwhelm and reconnect with clarity, confidence, and sustainable growth. Attendees will learn how reclaiming their time, energy, and voice is essential to effective leadership.","#EFOC2026, #WLU, #WLU0703 ",,VOD,"Host: Quinn
Speaker/Panelist: Whitney Dodds, Wellness For The Culture
Speaker/Panelist: Hyacinth Tucker, The Laundry Basket LLC
Speaker/Panelist: Jasmine Lewis, Vie Beauty",,,,,,,,
7,https://www.essence.com/video/founder-showcase-eyes-ears/↗,,,xal7xf6,FOUNDER SHOWCASE,"Get to know the founders behind innovative brands and businesses vending in the We Love Us Marketplace and making an impact in their communities. Hear their journeys, learn what inspired them to build their brands, and discover products and services you can support throughout the weekend.

Speakers:
Nancey Flowers-Harris, Vontélle
Dr. Lana Joseph, Jrumz Ear Wear","#EFOC2026, #WLU, #WLU0703 ",,VOD,"Host: Arielle
Speaker/Panelist: (v - TBD) Premise Martin, Pedi Licious Footwear/ Sole Care
Speaker/Panelist: (premise@pediliciousfootwear.com)",,,,,,,,
8,https://www.essence.com/video/real-talk-connection-is-the-currency/,,,,REAL TALK: Connection Is the Currency,"Your most valuable asset isn't just what you know; it's who you know and how you show up for them.

Join founders, business leaders, and community champions for a candid conversation on the power of authentic relationships and the role connection plays in personal and professional growth. From building supportive communities and loyal customers to creating opportunities, partnerships, and lasting impact, this discussion explores why meaningful relationships remain one of our most valuable forms of currency.

Speakers:
Adebukola Ajao, B.D.Y CONSULT / For All Things Digital
Dr. Tayiana Reed, The Wellness Apothecary 
Tashara Earl, Shades of Color Beauty
Kimberly Lee Minor, WOC Retail Alliance","#EFOC2026, #WLU, #WLU0703 ",,VOD,"Speaker: Adebukola Ajao, B.D.Y CONSULT / For All Things Digital
Speaker: Dr. Tayiana Reed, The Wellness Apothecary 
Speaker: Tashara Earl, Shades of Color Beauty
Moderator: Kimberly Lee Minor, WOC Retail Alliance",,,,,,,,
9,https://www.essence.com/video/college-prep-unlocked-what-no-one-taught-us-until-now/↗,,,,College Prep Unlocked: What No One Taught Us Until Now,"This high-energy, 15-minute game show flips the script on college prep, inviting audience members to test their knowledge (and assumptions) in real time. From FAFSA myths to scholarship strategies and admissions decisions, participants will engage in interactive challenges that reveal the rules no one ever explained.

Along the way, families will walk away with practical insights on how to prepare early, make informed financial decisions, and avoid costly mistakes that lead to unnecessary student debt.

Speaker: Shymika Stephenson-Davison, PreCollege Solutions","#EFOC2026, #WLU, #WLU0703 ",,VOD,"Speaker: Shymika Stephenson-Davison, PreCollege Solutions",,,,,,,,
10,https://www.essence.com/video/from-story-to-streams-how-black-women-are-turning-narrative-into-income/↗,,,,From Story to Streams: How Black Women Are Turning Narrative Into Income,"This dynamic panel brings together a new wave of creatives using audio, editorial, and visual storytelling to build audiences, preserve culture, and create new revenue streams. From digital magazines and archives to podcasts and visual diaries, this conversation explores how Black women are reclaiming their narratives—and turning them into platforms that reach, resonate, and sustain. Attendees will learn how storytelling can open doors to visibility, community, and income—while serving as a tool for documentation and self-preservation in a time when our stories matter more than ever.","#EFOC2026, #WLU, #WLU0703 ",,VOD,"Host: Quinn
Speaker/Panelist: Imani Garner, Ethos Sync
Speaker/Panelist: Aisata Diallo, Tressfecta
Speaker/Panelist: Courtney Kelly, Courtney Kelly Books",,,,,,,,
11,https://www.essence.com/video/reclaiming-the-aisle-taste-power-and-the-business-of-culture/,,,,"Reclaiming the Aisle: Taste, Power, and the Business of Culture","This conversation explores how today’s consumers are demanding authentic flavor, real ingredients, and cultural integrity in the food space. From revolutionizing aisles to building culturally-rooted brands, this session highlights how creativity, community, and consumer power are reshaping CPG, and how founders are turning culture into ownership and opportunity.

Speakers:
Randy Pulayya, West Indies Peppa Sauce (WIPS)
Kayisha Thompson, De L'or Cakery
Allison Roberts, Sistah Chatta","#EFOC2026, #WLU, #WLU0703 ",,VOD,"Speaker: Randy Pulayya, West Indies Peppa Sauce (WIPS)
Speaker: Kayisha Thompson, De L'or Cakery
Moderator: Allison Roberts, Sistah Chatta",,,,,,,,
12,,,,,Panel TBD,,"#EFOC2026, #WLU, #WLU0703 ",,VOD,,,,,,,,,
13,"
https://www.essence.com/video/founder-showcase-we-love-us-marketplace-vendor-partners/",,,,FOUNDER SHOWCASE: We Love Us Marketplace Vendor Partners,"Meet the founders behind the innovative brands featured in the We Love Us Marketplace who also served as mentor founders to fellow New Voices entrepreneurs leading up to the ESSENCE Festival of Culture®. Hear their entrepreneurial journeys, discover what inspired them to build their businesses, and learn how they're giving back by sharing their expertise and experiences with fellow founders. Then, shop their products and support their businesses throughout the weekend.

Speakers:
Alexandria Alli, F&W Style
Bianca Tatum, Cree & Company
Brittney Adams, Focus & Frame Eyewear
Chantil Thomas, Black Women’s Health Imperative
Courtney Kelly, Courtney Kelly Books
Grace Yeboah, TrufaceByGrace
Irene Bekoe, That Good Good Shea
Quinn Conyers, Speak to Society","#EFOC2026, #WLU, #WLU0703 ",,VOD,,,,,,,,,
,https://www.essence.com/wp-admin/post.php?post=1058618&action=edit,Not in Airtable?,,,Gameshow: You are a Philanthropist,"From sharing resources and making introductions to showing up for others and supporting small businesses, philanthropy happens in more ways than we realize.

This interactive game show experience invites attendees and vendors to rethink what it means to be a philanthropist through the “5 Ts”: time, talent, treasure, ties, and testimony. Through audience engagement and conversation, participants will discover how everyday actions can create lasting impact within their communities.","#EFOC2026, #WLU, #WLU0703 ",,VOD,"Host: Quinn
Speaker/Panelist: Monique Curry-Mims, Civic Capital Consulting",,,,,,,,
,https://www.essence.com/wp-admin/post.php?post=1057133&action=edit,,GBEF HQ,,,,,,,,,,,,,,,
1,https://www.essence.com/video/building-a-business-that-doesnt-depend-on-you/,,,,Building a Business That Doesn't Depend on You,,"#EFOC2026, #GBEF, #GBEF0703",,Streaming & VOD,Trudy Bourgeios,,,,,,,,
2,https://www.essence.com/video/declaration-of-independence-engagement/,,,,Declaration of Independence Engagement,"History is being stripped from our classrooms and libraries. As we embark on the 250 anniversary of the United States learn the real history and then hear from the creators and supporters.  

Declarations: Black Americans and the Revolutionary War is a film commemorating America's 250th, from an untold vantage: Black people who fought for the actualization of the Declaration of Independence without assurance it would free them from the bonds of slavery. The film, created by award-winning director Stacey Holman, features some of the nation’s foremost scholars, and it will include groundbreaking use of AI animation programmed with original portraiture. This work will bring exciting energy, vibrant colors, and a modern viewpoint to untold, undiscovered stories that are a crucial part of the history of our country.
","#EFOC2026, #GBEF, #GBEF0703",,Streaming & VOD,,,,,,,,,
2,https://www.essence.com/video/declaration-of-independence-documentary/↗,,,,Declaration of Independence Documentary,"History is being stripped from our classrooms and libraries. As we embark on the 250 anniversary of the United States learn the real history and then hear from the creators and supporters.  

Declarations: Black Americans and the Revolutionary War is a film commemorating America's 250th, from an untold vantage: Black people who fought for the actualization of the Declaration of Independence without assurance it would free them from the bonds of slavery. The film, created by award-winning director Stacey Holman, features some of the nation’s foremost scholars, and it will include groundbreaking use of AI animation programmed with original portraiture. This work will bring exciting energy, vibrant colors, and a modern viewpoint to untold, undiscovered stories that are a crucial part of the history of our country.","#EFOC2026, #GBEF, #GBEF0703",,Streaming & VOD,,,3/7/2026 11:00,3/7/2026 11:25,,,,,
3,,,,,What Not to Wear,,,,,,,,,,,,,
4,https://www.essence.com/video/declaration-of-independence-discussion/↗,,,,Declaration of Independence Discussion,Discussion On Declaration of Independence documentary,"#EFOC2026, #GBEF, #GBEF0703",,Streaming & VOD,,,3/7/2026 11:25,3/7/2026 11:50,,,,,
5,https://www.essence.com/video/womens-health-wellness/↗,,,,Women’s Health & Wellness,"From menopause to fibroids, from mental health to sexual health from weight loss to weight management, learn from the medical experts on how to better manage your health, identify new and emerging approaches to health conditions and key products to help support your health and wellness.","#EFOC2026, #GBEF, #GBEF0703",,Streaming & VOD,,,3/7/2026 11:50,3/7/2026 12:15,,,,,
6,https://www.essence.com/video/the-joy-reid-show/↗,,,xal7oyi,The Joy Reid Show,"A dose of Joy-Ann Reid’s takes and analysis of the news, politics and culture.  If it is hot and happening, and it matters to you, its here.","#EFOC2026, #GBEF, #GBEF0703",,Streaming & VOD,,,3/7/2026 12:15,3/7/2026 12:40,,,,,
7,https://www.essence.com/wp-admin/post.php?post=1059590&action=edit,,,xal7p3m,Health Care Under Attack: What You Need to Know Now,"New health care laws and policy changes are reshaping who can access critical services, coverage, and resources. As eligibility requirements shift, millions of people may be affected, many without fully understanding what is changing or what options remain available to them.
This session will help attendees understand the latest changes to health care access, what they may mean for individuals, families, and communities, and how to navigate available tools, services, and resources. From eligibility and enrollment to prevention, care coordination, and community-based support, this conversation will offer practical guidance on how people can protect their health in a rapidly changing environment.
","#EFOC2026, #GBEF, #GBEF0703",,Streaming & VOD,,,3/7/2026 13:10,3/7/2026 13:35,,,,,
8,https://www.essence.com/wp-admin/post.php?post=1059591&action=edit,,,xal7ule,The State of the Workforce for Black Women,"Black women are among the most educated groups in the United States and have long been a driving force of the economy. Yet many Black women are finding themselves at a crossroads. Some are choosing to leave workplaces that have become increasingly toxic, isolating, or hostile. Others are being pushed out of jobs and leadership pipelines—not because of performance or qualifications, but because of persistent discrimination and the erosion of initiatives designed to expand opportunity and accountability.
As companies retreat from diversity, equity, and inclusion commitments, many Black women are experiencing the consequences firsthand. The result is not only a workforce challenge, but an economic one—with implications for income, wealth building, entrepreneurship, leadership representation, and family stability.
This session will examine the realities facing Black women in today’s workforce, the impact of anti-DEI policies and practices, and what it will take to create workplaces where Black women can thrive, lead, and build lasting economic security. From corporate leadership and entrepreneurship to policy solutions and power building, the conversation will explore a path forward at a pivotal moment for Black women and the future of work.","#EFOC2026, #GBEF, #GBEF0703",,Streaming & VOD,,,3/7/2026 13:40,3/7/2026 14:05,,,,,
9,https://www.essence.com/wp-admin/post.php?post=1059589&action=edit,,,,The Power of Black Philanthropy: Investing in Our Future,"For generations, Black communities have practiced philanthropy—pooling resources, supporting institutions, and investing in collective progress even when excluded from traditional sources of wealth and capital. Today, as many organizations face funding challenges and longstanding commitments to equity come under attack, the role of Black philanthropy has never been more important.
This session will explore how philanthropy can be leveraged not only to address immediate needs, but also to build long-term power, opportunity, and economic mobility. From individual giving and family philanthropy to corporate investments, foundations, and community-led funding models, the conversation will examine how strategic investments can strengthen institutions, support innovation, advance justice, and help shape a more equitable future.
At a moment when many are asking what comes next, this discussion will focus on the unique role Black philanthropy can play in sustaining communities, protecting progress, and investing in the next generation of leaders and change makers.
","#EFOC2026, #GBEF, #GBEF0703",,Streaming & VOD,,,3/7/2026 14:05,3/7/2026 14:30,,,,,
10,https://www.essence.com/wp-admin/post.php?post=1059597&action=edit,,,,Black Men’s Roundtable,"Black men explore how to better support Black women, gender-expansive people, and the broader reproductive justice movement. The discussions tackle deep issues such as financial responsibility, abortion stigma, and how Black men can unlearn harmful patriarchal narratives.","#EFOC2026, #GBEF, #GBEF0703",,Streaming & VOD,,,3/7/2026 14:30,3/7/2026 14:55,,,,,
11,https://www.essence.com/wp-admin/post.php?post=1059598&action=edit,,,,Defining Power Against Ongoing Assaults,How do you DEFINE power in this moment to help us overcome the ongoing assaults against communities of color — from attacks on voting rights to threats against economic opportunity?,"#EFOC2026, #GBEF, #GBEF0703",,Streaming & VOD,,,3/7/2026 15:50,3/7/2026 16:15,,,,,
12,https://www.essence.com/wp-admin/post.php?post=1059601&action=edit,,,,"All Roads Lead to the South: Black Voters Matter - How We Fight for Our Rights, Protect Our People, and Nation Build!!!","Following the Supreme Courts' gutting of the Voting Rights Act, Black political power has been under attack. Although this has been most noticeable in the South, our history has shown what happens in the South affects all of us. 
The South has been a blueprint for resilience, creativity, community, and power. As the country finishes its first 250 years, Black communities are radically reimagining the nation we are building for the next 250.
Structure
Promo Clip 
VOG — Latosha, Cliff and April
Opening — overview & prompt audience questions
VOG — Ashley, Gary, Justin & Rashanda
Panel Discussion
VOG — Latosha, Cliff and April — address audience Q & A and Interaction
Closing
Clip for Organizing","#EFOC2026, #GBEF, #GBEF0703",,Streaming & VOD,,,3/7/2026 16:20,3/7/2026 17:20,,,,,
,https://www.essence.com/wp-admin/post.php?post=1057137&action=edit,,GBEF SUMMIT,,,,,,,,,,,,,,,
,https://www.essence.com/wp-admin/post.php?post=1058895&action=edit,,,,LIVESTREAM | GBEF Business Summit,"The Business Summit brings together leaders across industries for dynamic conversations, strategic partnerships, and bold visions of collective prosperity. Together, we are reshaping markets, building power, and creating pathways for lasting change.","#EFOC2026, #GBEFSS, #GBEF0702",,Streaming & VOD,,,,,,,,,
,https://www.essence.com/wp-admin/post.php?post=1057140&action=edit,,EVENING CONCERT SERIES,,,,,,,,,,,,,,,
1,https://www.essence.com/wp-admin/post.php?post=1059603&action=edit,,,,Evening Concert | Friday,"The weekend opens loud. Cardi B headlines a night that runs from chart-topping to genre-bending, with Kehlani and Latto right there with her. The energy stretches beyond the music, too: a rare conversation with Michelle Obama in The Look: A Live Series, moderated by Keke Palmer, plus a set from SZN4 — all hosted by Danielle Brooks and Kenny Burns, with Joe Kay & Soulection on the decks.","#EFOC2026, #ECS, #ECS0704",,Streaming,,,,,,,,,
,https://www.essence.com/wp-admin/post.php?post=1059919&action=edit,,Creators & Podcast Festival,,,,,,,,,,,,,,,
1,https://www.essence.com/wp-admin/post.php?post=1060795&action=edit,,,,The Joy Reid Show,"A daily dose of Joy-Ann Reid's takes and analysis of the news, politics and culture. If it's hot and happening, and matters to you, it's here","#EFOC2026, #CPF, #CPF0703",,VOD,,,,,,,,,
2,https://www.essence.com/wp-admin/post.php?post=1060798&action=edit,,,,The Anatomy of a Viral Video,"This workshop breaks down the core mechanics behind what actually makes a video go viral—and why there’s no single formula for guaranteed success. We’ll unpack the role of hooks, retention, thumbnails, titles, and emotional triggers in capturing attention and sustaining engagement, while also exploring the psychology behind why some content spreads and other equally strong content doesn’t. Participants will leave with a clearer understanding of how virality is constructed, influenced, and often unpredictably shaped by audience behavior and platform dynamics.","#EFOC2026, #CPF, #CPF0703",,VOD,,,,,,,,,
3,https://www.essence.com/wp-admin/post.php?post=1060802&action=edit,,,,Keke Palmer LIVE with Sanaa Lathan,"Join Emmy Award-winning entertainer and cultural trailblazer Keke Palmer for an unforgettable conversation with acclaimed actress and producer Sanaa Lathan on the ESSENCE Festival Creator & Podcast Stage. Expect candid stories, career insights, and inspiring takeaways from two powerhouse women who continue to shape culture, break barriers, and redefine success on their own terms.","#EFOC2026, #CPF, #CPF0703",,VOD,,,,,,,,,
4,https://www.essence.com/wp-admin/post.php?post=1060821&action=edit,,,,Go Off Sis,"Whether it's ghosting, going to therapy, quitting a job, or choosing to stay single, Gen Z, Millennials and Gen-X often see the same situations through completely different lenses. The generations are constantly pitted against each other, but are we healing generational traumas or unconsciously continuing curses we can't break? Hosts Sandy Pierre, Kathleen Newman-Bremang (millennials), Jessika Hardy (Gen Z) and guest Patti Roberts (Gen-X) debate the habits, mindsets, and values that divide us — and the lessons each generation can teach the other.","#EFOC2026, #CPF, #CPF0703",,VOD,,,,,,,,,
5,https://www.essence.com/wp-admin/post.php?post=1060818&action=edit,,,,Design Demystified: Visuals for Non-Designers,"Master the basics of great design without the complicated software. Led by Art Director, Isaiah Stewart, you'll walk away with simple rules for color, layout, and fonts so you can create stunning social media posts and presentations instantly.","#EFOC2026, #CPF, #CPF0703",,VOD,,,,,,,,,
6,https://www.essence.com/wp-admin/post.php?post=1060816&action=edit,,,,Beyond the Grid: The Realities of Full-Time Content Creation,"This panel explores the unfiltered reality of turning content creation into a career. Top creators share the highs and lows of income stability, burnout, and business management, offering practical advice on when and how to safely make the leap from side hustle to full time.","#EFOC2026, #CPF, #CPF0703",,VOD,,,,,,,,,
7,https://www.essence.com/wp-admin/post.php?post=1060813&action=edit,,,,The Content Playbook: Live Creator Audit,"Step into the hot seat for a real-time assessment of your social channels. This interactive session evaluates your current profiles to pinpoint what is working, what is hurting your brand, and how to optimize your overall digital presence. You will learn exactly how to clean up your feed, align your visuals, and make an instant, professional impression on both audiences and potential brand partners.","#EFOC2026, #CPF, #CPF0703",,VOD,,,,,,,,,
8,https://www.essence.com/wp-admin/post.php?post=1060811&action=edit,,,,The Content Launchpad: Starting Before You Feel Ready,"The hardest part of creating content is often just hitting post. This panel breaks down how to overcome the fear of judgment, choose a flexible niche, and map out your first ten pieces of content. Industry insiders share practical strategies for building lasting consistency and overcoming perfectionism, giving you the confidence to launch your digital journey right where you are.","#EFOC2026, #CPF, #CPF0703",,VOD,,,,,,,,,
9,https://www.essence.com/wp-admin/post.php?post=1060809&action=edit,,,,Gear Up: The Creator Hardware Blueprint,"Ready to upgrade your content without breaking the bank? This practical walkthrough showcases the best cameras, lighting rigs, and editing tools available for every budget level. Whether you are building your first starter kit or investing in a professional studio setup, you will discover the exact gear needed to make your visuals look and sound polished.","#EFOC2026, #CPF, #CPF0703",,VOD,,,,,,,,,
10,https://www.essence.com/wp-admin/post.php?post=1060806&action=edit,,,,The Future of AI for Creators,"Explore how AI is transforming the creator economy—from editing, scripting, and content automation to synthetic media—while examining the ethical considerations and the uniquely human skills that will continue to set creators apart.","#EFOC2026, #CPF, #CPF0703",,VOD,,,,,,,,,
,,,,,,,,,,,,,,,,,,
,,,,,,,,,,,,,,,,,,
,,,,,Delete Me 3,Testing 123,,,,,,,,,,,,